Year,sampling event,Sampling date,GFV ,Sample,GPS sampling  pt ID,POINT_X,POINT_Y,pH,TA,brix,bunch wt,Mean berry wt,berries/bunch,Colour per berry Wt,Phenolic per berry Wt,Colour per berry ,Phenolic per berry ,,,,,,,,,,,,,
2015,1,14/01/2015,2414,1,101,286331.6678,6236797.359,2.724,16.579,12.100,121.55,1.153,105,0.187,1.156,0.214,1.324,,,,,,,,,,,,,
2015,1,14/01/2015,2414,2,102,286382.3564,6236810.08,2.685,16.699,12.100,158.68,1.139,139,0.204,1.221,0.243,1.456,,,,,,,,,,,,,
2015,1,14/01/2015,2414,3,103,286425.7071,6236820.957,2.789,15.729,12.400,148.42,1.268,117,0.249,1.142,0.332,1.523,,,,,,,,,,,,,
2015,1,14/01/2015,2414,4,104,286473.0686,6236833.115,2.801,15.304,12.400,143.55,1.392,103,0.218,1.111,0.293,1.495,,,,,,,,,,,,,
2015,1,14/01/2015,2414,5,105,286583.1325,6236861.221,2.695,22.389,10.700,100.64,1.023,98,0.109,1.126,0.116,1.194,,,,,,,,,,,,,
2015,1,14/01/2015,2414,6,106,286630.5814,6236873.269,2.744,25.789,11.900,96.30,0.976,99,0.134,1.153,0.131,1.131,,,,,,,,,,,,,
2015,1,14/01/2015,2414,7,107,286667.3947,6236882.283,2.710,19.413,12.000,134.20,1.254,107,0.191,1.059,0.237,1.314,,,,,,,,,,,,,
2015,1,14/01/2015,2414,8,108,286729.3558,6236898.052,2.725,18.421,11.900,133.35,1.259,106,0.233,1.169,0.290,1.452,,,,,,,,,,,,,
2015,1,14/01/2015,2414,9,109,286759.2511,6236905.663,2.647,24.089,10.600,162.64,1.190,137,0.110,1.172,0.132,1.411,,,,,,,,,,,,,
2015,1,14/01/2015,2414,10,110,286779.1056,6236872.822,2.706,20.068,11.600,96.89,1.245,78,0.202,1.186,0.246,1.445,,,,,,,,,,,,,
2015,1,14/01/2015,2414,11,111,286715.9112,6236857.227,2.921,15.527,12.600,135.90,1.455,93,0.286,1.125,0.421,1.653,,,,,,,,,,,,,
2015,1,14/01/2015,2414,12,112,286684.4059,6236848.81,2.798,16.699,12.500,159.47,1.421,112,0.250,1.047,0.353,1.474,,,,,,,,,,,,,
2015,1,14/01/2015,2414,13,113,286560.5904,6236816.882,2.667,19.980,10.700,148.14,1.145,129,0.191,1.166,0.203,1.241,,,,,,,,,,,,,
2015,1,14/01/2015,2414,14,114,286511.8153,6236804.904,2.796,16.721,12.600,117.11,1.528,77,0.307,1.097,0.498,1.780,,,,,,,,,,,,,
2015,1,14/01/2015,2414,15,115,286471.3125,6236794.462,2.855,14.312,12.700,68.75,1.463,47,0.280,1.046,0.403,1.508,,,,,,,,,,,,,
2015,1,14/01/2015,2414,16,116,286427.9493,6236783.53,2.841,15.381,12.000,124.59,1.380,90,0.215,1.143,0.298,1.584,,,,,,,,,,,,,
2015,1,14/01/2015,2414,17,117,286393.0339,6236775.362,2.776,14.879,12.400,134.22,1.147,117,0.299,1.277,0.349,1.492,,,,,,,,,,,,,
2015,1,14/01/2015,2414,18,118,286338.5126,6236761.34,2.833,40.385,12.400,141.82,1.268,112,0.313,1.115,0.405,1.441,,,,,,,,,,,,,
2015,1,14/01/2015,2414,19,119,286298.3522,6236750.694,2.718,17.996,11.000,126.46,1.109,114,0.109,1.247,0.117,1.341,,,,,,,,,,,,,
2015,1,14/01/2015,2414,20,120,286249.7345,6236701.628,2.773,17.139,12.600,100.64,1.248,81,0.245,1.167,0.315,1.504,,,,,,,,,,,,,
2015,1,14/01/2015,2414,21,121,286307.5703,6236716.284,2.743,16.992,11.300,119.83,1.318,91,0.180,1.159,0.246,1.580,,,,,,,,,,,,,
2015,1,14/01/2015,2414,22,122,286406.6271,6236741.494,2.773,15.234,12.500,119.86,1.319,91,0.261,1.217,0.350,1.633,,,,,,,,,,,,,
2015,1,14/01/2015,2414,23,123,286479.6763,6236759.309,2.763,17.713,11.900,97.93,1.331,74,0.270,1.216,0.359,1.617,,,,,,,,,,,,,
2015,1,14/01/2015,2414,24,124,286515.0331,6236769.212,2.772,16.862,12.500,102.84,1.382,74,0.262,1.092,0.370,1.544,,,,,,,,,,,,,
2015,1,14/01/2015,2414,25,125,286569.4951,6236782.458,2.728,21.397,12.100,113.23,1.145,99,0.197,1.213,0.239,1.471,,,,,,,,,,,,,
2015,1,14/01/2015,2414,26,126,286605.7897,6236790.952,2.744,19.271,11.700,81.67,1.379,59,0.189,1.095,0.266,1.537,,,,,,,,,,,,,
2015,1,14/01/2015,2414,27,127,286646.191,6236801.386,2.752,17.432,11.300,170.05,1.335,127,0.159,1.166,0.206,1.510,,,,,,,,,,,,,
2015,1,14/01/2015,2414,28,128,286674.0582,6236808.941,2.786,16.296,12.300,123.91,1.482,84,0.272,1.075,0.394,1.560,,,,,,,,,,,,,
2015,1,14/01/2015,2414,29,129,286713.8093,6236818.907,2.789,19.130,11.900,81.02,1.243,65,0.179,1.200,0.227,1.516,,,,,,,,,,,,,
2015,1,14/01/2015,2414,30,130,286782.2593,6236836.514,2.737,19.189,12.200,79.63,1.237,64,0.203,1.309,0.249,1.607,,,,,,,,,,,,,
2015,2,21/01/2015,2549,1,201,286334.9087,6236798.065,2.828,17.942,14.400,71.13,1.048,68,0.495,1.248,0.522,1.316,,,,,,,,,,,,,
2015,2,21/01/2015,2549,2,202,286384.4436,6236810.776,2.866,13.689,14.700,94.97,1.293,73,0.513,1.201,0.668,1.563,,,,,,,,,,,,,
2015,2,21/01/2015,2549,3,203,286429.6035,6236822.041,2.898,12.415,15.300,135.47,1.075,126,0.525,1.164,0.581,1.288,,,,,,,,,,,,,
2015,2,21/01/2015,2549,4,204,286476.9232,6236833.933,2.957,14.388,15.100,96.85,1.309,74,0.489,1.110,0.629,1.428,,,,,,,,,,,,,
2015,2,21/01/2015,2549,5,205,286585.0044,6236861.353,2.878,18.232,14.300,118.14,1.277,93,0.513,1.063,0.685,1.419,,,,,,,,,,,,,
2015,2,21/01/2015,2549,6,206,286632.4785,6236873.105,2.955,15.193,15.800,106.37,1.209,88,0.607,1.199,0.750,1.483,,,,,,,,,,,,,
2015,2,21/01/2015,2549,7,207,286668.986,6236882.289,2.955,16.061,15.300,123.35,1.594,77,0.635,1.195,1.008,1.898,,,,,,,,,,,,,
2015,2,21/01/2015,2549,8,208,286731.551,6236898.47,3.002,13.543,15.900,123.48,1.451,85,0.719,1.136,1.040,1.644,,,,,,,,,,,,,
2015,2,21/01/2015,2549,9,209,286760.8583,6236905.851,2.959,16.748,15.500,88.33,1.503,59,0.647,1.082,0.975,1.630,,,,,,,,,,,,,
2015,2,21/01/2015,2549,10,210,286780.0176,6236873.78,2.911,16.206,15.450,112.12,1.285,87,0.574,1.205,0.761,1.597,,,,,,,,,,,,,
2015,2,21/01/2015,2549,11,211,286717.284,6236857.768,3.079,13.124,16.900,161.10,1.678,96,0.745,1.042,1.214,1.698,,,,,,,,,,,,,
2015,2,21/01/2015,2549,12,212,286685.739,6236849.881,3.055,12.024,17.300,111.41,1.643,68,0.924,1.107,1.539,1.844,,,,,,,,,,,,,
2015,2,21/01/2015,2549,13,213,286561.9434,6236818.71,2.949,15.583,14.600,121.10,1.231,98,0.407,1.031,0.534,1.355,,,,,,,,,,,,,
2015,2,21/01/2015,2549,14,214,286512.8931,6236806.364,3.056,12.437,16.100,134.31,1.636,82,0.700,0.968,1.140,1.577,,,,,,,,,,,,,
2015,2,21/01/2015,2549,15,215,286472.9715,6236795.432,3.000,12.719,16.500,123.01,1.617,76,0.767,1.110,1.272,1.841,,,,,,,,,,,,,
2015,2,21/01/2015,2549,16,216,286429.1441,6236784.857,3.004,11.592,16.500,122.42,1.591,77,0.718,1.076,1.142,1.711,,,,,,,,,,,,,
2015,2,21/01/2015,2549,17,217,286394.4354,6236775.656,2.996,12.408,16.700,76.72,1.483,52,0.702,1.015,1.049,1.517,,,,,,,,,,,,,
2015,2,21/01/2015,2549,18,218,286340.0302,6236762.837,3.027,11.854,16.700,106.09,1.392,76,0.620,1.068,0.886,1.526,,,,,,,,,,,,,
2015,2,21/01/2015,2549,19,219,286299.4981,6236752.959,2.937,13.153,15.300,112.34,1.479,76,0.519,1.012,0.783,1.529,,,,,,,,,,,,,
2015,2,21/01/2015,2549,20,220,286251.4494,6236703.12,2.992,12.990,15.700,121.27,1.504,81,0.549,1.002,0.887,1.619,,,,,,,,,,,,,
2015,2,21/01/2015,2549,21,221,286308.8375,6236716.93,2.984,12.830,15.100,158.15,1.389,114,0.564,1.089,0.779,1.503,,,,,,,,,,,,,
2015,2,21/01/2015,2549,22,222,286408.5675,6236742.346,2.945,12.444,15.900,108.96,1.517,72,0.691,1.120,1.056,1.713,,,,,,,,,,,,,
2015,2,21/01/2015,2549,23,223,286481.2696,6236760.801,2.988,12.473,16.500,125.76,1.500,84,0.538,1.114,0.795,1.646,,,,,,,,,,,,,
2015,2,21/01/2015,2549,24,224,286517.0437,6236769.685,2.951,13.442,15.900,96.10,1.311,73,0.611,1.093,0.829,1.483,,,,,,,,,,,,,
2015,2,21/01/2015,2549,25,225,286571.06,6236783.363,3.038,15.291,16.700,126.69,1.454,87,0.633,1.160,0.895,1.640,,,,,,,,,,,,,
2015,2,21/01/2015,2549,26,226,286607.6739,6236792.728,2.942,14.397,16.100,123.40,1.542,80,0.578,1.177,0.898,1.829,,,,,,,,,,,,,
2015,2,21/01/2015,2549,27,227,286647.2366,6236802.706,3.011,12.218,16.600,145.83,1.520,96,0.612,1.102,0.915,1.648,,,,,,,,,,,,,
2015,2,21/01/2015,2549,28,228,286675.1234,6236809.805,2.946,14.112,15.800,113.17,1.555,73,0.676,1.058,1.072,1.677,,,,,,,,,,,,,
2015,2,21/01/2015,2549,29,229,286715.4233,6236820.16,3.074,11.301,16.900,166.11,1.493,111,0.771,1.116,1.187,1.719,,,,,,,,,,,,,
2015,2,21/01/2015,2549,30,230,286784.0985,6236837.142,3.014,13.500,17.100,76.75,1.511,51,0.599,1.028,0.918,1.577,,,,,,,,,,,,,
2015,3,29/01/2015,2694,1,301,286333.1185,6236797.725,3.099,8.917,18.800,139.46,1.377,101,1.167,1.267,1.623,1.762,,,,,,,,,,,,,
2015,3,29/01/2015,2694,2,302,286380.0876,6236809.444,3.037,9.263,17.600,104.35,1.462,71,0.871,1.104,1.229,1.558,,,,,,,,,,,,,
2015,3,29/01/2015,2694,3,303,286427.5308,6236821.453,3.127,9.008,19.700,127.30,1.591,80,0.956,1.105,1.478,1.709,,,,,,,,,,,,,
2015,3,29/01/2015,2694,4,304,286475.1333,6236833.101,3.008,10.259,19.600,113.60,1.346,84,0.804,1.037,1.015,1.309,,,,,,,,,,,,,
2015,3,29/01/2015,2694,5,305,286581.383,6236860.506,3.009,12.840,17.900,148.12,1.472,101,0.742,1.131,1.122,1.710,,,,,,,,,,,,,
2015,3,29/01/2015,2694,6,306,286628.4372,6236872.094,3.096,9.569,19.800,84.81,1.325,64,1.040,1.177,1.367,1.548,,,,,,,,,,,,,
2015,3,29/01/2015,2694,7,307,286664.9964,6236881.717,3.004,13.373,18.400,85.54,1.594,54,1.015,1.217,1.688,2.022,,,,,,,,,,,,,
2015,3,29/01/2015,2694,8,308,286726.814,6236896.606,2.991,13.218,17.400,108.16,1.488,73,0.827,1.178,1.221,1.739,,,,,,,,,,,,,
2015,3,29/01/2015,2694,9,309,286756.7195,6236904.654,2.978,14.823,18.000,117.19,1.480,79,0.793,1.158,1.144,1.671,,,,,,,,,,,,,
2015,3,29/01/2015,2694,10,310,286777.2158,6236872.524,2.963,14.325,17.500,105.96,1.439,74,0.951,1.271,1.402,1.872,,,,,,,,,,,,,
2015,3,29/01/2015,2694,11,311,286713.9582,6236856.386,2.934,14.838,17.500,75.56,1.532,49,1.052,1.296,1.629,2.007,,,,,,,,,,,,,
2015,3,29/01/2015,2694,12,312,286682.4259,6236848.891,3.155,11.189,20.200,144.60,1.645,88,1.088,1.180,1.879,2.037,,,,,,,,,,,,,
2015,3,29/01/2015,2694,13,313,286558.5162,6236817.451,3.115,10.336,18.000,162.10,1.688,96,0.873,1.131,1.523,1.974,,,,,,,,,,,,,
2015,3,29/01/2015,2694,14,314,286509.5756,6236804.817,3.186,8.785,19.600,152.19,1.707,89,1.099,1.159,1.918,2.022,,,,,,,,,,,,,
2015,3,29/01/2015,2694,15,315,286469.5856,6236794.46,3.183,8.955,19.600,151.84,1.646,92,1.199,1.195,2.021,2.015,,,,,,,,,,,,,
2015,3,29/01/2015,2694,16,316,286425.5086,6236783.204,2.959,10.510,18.200,127.44,1.464,87,0.972,1.120,1.511,1.743,,,,,,,,,,,,,
2015,3,29/01/2015,2694,17,317,286391.3882,6236775.242,3.091,9.475,19.300,128.82,1.421,91,1.092,1.140,1.522,1.589,,,,,,,,,,,,,
2015,3,29/01/2015,2694,18,318,286336.7565,6236761.4,3.188,8.959,21.400,117.92,1.470,80,1.265,1.249,1.867,1.844,,,,,,,,,,,,,
2015,3,29/01/2015,2694,19,319,286296.3863,6236751.519,3.073,9.714,18.600,159.46,1.509,106,0.800,0.977,1.248,1.523,,,,,,,,,,,,,
2015,3,29/01/2015,2694,20,320,286248.0119,6236701.5,3.052,10.227,19.500,158.26,1.653,96,0.915,1.022,1.627,1.816,,,,,,,,,,,,,
2015,3,29/01/2015,2694,21,321,286305.8538,6236716.023,3.070,9.400,17.200,165.33,1.359,122,0.735,0.951,1.000,1.294,,,,,,,,,,,,,
2015,3,29/01/2015,2694,22,322,286405.3497,6236741.232,2.998,10.155,18.700,123.12,1.427,86,0.900,1.127,1.301,1.628,,,,,,,,,,,,,
2015,3,29/01/2015,2694,23,323,286479.063,6236759.865,3.190,8.904,20.900,116.09,1.664,70,1.209,1.178,2.103,2.049,,,,,,,,,,,,,
2015,3,29/01/2015,2694,24,324,286513.6036,6236768.455,3.097,9.464,19.600,102.94,1.540,67,1.148,1.227,1.752,1.872,,,,,,,,,,,,,
2015,3,29/01/2015,2694,25,325,286567.2335,6236783.208,3.068,12.363,18.900,106.43,1.554,68,0.889,1.177,1.281,1.695,,,,,,,,,,,,,
2015,3,29/01/2015,2694,26,326,286604.5126,6236792.044,3.093,9.862,19.800,80.96,1.528,53,1.209,1.278,1.905,2.013,,,,,,,,,,,,,
2015,3,29/01/2015,2694,27,327,286644.1743,6236801.935,3.144,9.433,20.400,174.02,1.616,108,1.135,1.219,1.868,2.007,,,,,,,,,,,,,
2015,3,29/01/2015,2694,28,328,286672.0268,6236809.119,3.013,10.737,18.400,169.23,1.625,104,0.933,1.150,1.549,1.908,,,,,,,,,,,,,
2015,3,29/01/2015,2694,29,329,286712.1546,6236819.117,3.052,11.454,19.300,111.40,1.630,68,1.074,1.205,1.829,2.051,,,,,,,,,,,,,
2015,3,29/01/2015,2694,30,330,286779.9287,6236836.497,3.094,9.324,19.300,147.51,1.519,97,1.054,1.172,1.607,1.787,,,,,,,,,,,,,
2015,4,4/02/2015,2801,1,401,286330.8353,6236800.453,3.197,8.344,21.900,112.41,1.464,77,1.481,1.401,2.022,1.913,,,,,,,,,,,,,
2015,4,4/02/2015,2801,2,402,286381.563,6236813.217,3.106,9.041,21.000,131.47,1.475,89,1.352,1.292,1.894,1.809,,,,,,,,,,,,,
2015,4,4/02/2015,2801,3,403,286424.9461,6236824.233,3.243,7.873,21.500,157.27,1.474,107,1.379,1.328,1.965,1.892,,,,,,,,,,,,,
2015,4,4/02/2015,2801,4,404,286472.1069,6236836.474,3.201,8.467,22.400,113.04,1.437,79,1.503,1.348,1.967,1.764,,,,,,,,,,,,,
2015,4,4/02/2015,2801,5,405,286581.9441,6236864.046,3.030,11.333,19.900,133.13,1.519,88,1.091,1.178,1.694,1.829,,,,,,,,,,,,,
2015,4,4/02/2015,2801,6,406,286629.1057,6236876.128,3.234,8.112,22.600,111.82,1.218,92,1.514,1.421,1.898,1.782,,,,,,,,,,,,,
2015,4,4/02/2015,2801,7,407,286665.2234,6236885.45,3.163,10.160,21.600,82.75,1.712,48,1.610,1.396,2.725,2.363,,,,,,,,,,,,,
2015,4,4/02/2015,2801,8,408,286728.7831,6236901.316,3.159,9.002,22.100,128.34,1.546,83,1.441,1.318,2.209,2.021,,,,,,,,,,,,,
2015,4,4/02/2015,2801,9,409,286758.4568,6236909.254,3.015,13.122,19.000,141.57,1.750,81,1.135,1.201,1.872,1.981,,,,,,,,,,,,,
2015,4,4/02/2015,2801,10,410,286777.7373,6236876.453,3.211,8.489,21.300,102.43,1.573,65,1.346,1.274,2.150,2.036,,,,,,,,,,,,,
2015,4,4/02/2015,2801,11,411,286714.7878,6236860.658,2.997,14.213,18.800,79.16,1.534,52,1.002,1.231,1.506,1.850,,,,,,,,,,,,,
2015,4,4/02/2015,2801,12,412,286683.4836,6236852.751,2.955,11.958,18.900,91.96,1.526,60,1.091,1.217,1.633,1.821,,,,,,,,,,,,,
2015,4,4/02/2015,2801,13,413,286559.6483,6236821.288,3.036,12.406,18.900,136.45,1.456,94,1.050,1.198,1.561,1.781,,,,,,,,,,,,,
2015,4,4/02/2015,2801,14,414,286511.0781,6236809.036,3.067,9.112,21.500,122.89,1.525,81,1.402,1.292,2.249,2.072,,,,,,,,,,,,,
2015,4,4/02/2015,2801,15,415,286470.4077,6236798.377,3.184,8.243,22.000,103.50,1.674,62,1.369,1.308,2.343,2.239,,,,,,,,,,,,,
2015,4,4/02/2015,2801,16,416,286427.2055,6236787.334,3.157,8.071,22.000,106.06,1.533,69,1.457,1.331,2.292,2.094,,,,,,,,,,,,,
2015,4,4/02/2015,2801,17,417,286392.143,6236778.591,3.204,7.786,21.900,138.12,1.437,96,1.341,1.278,2.096,1.998,,,,,,,,,,,,,
2015,4,4/02/2015,2801,18,418,286337.6286,6236765.557,3.261,7.949,22.700,107.07,1.590,67,1.200,1.137,1.903,1.804,,,,,,,,,,,,,
2015,4,4/02/2015,2801,19,419,286297.7189,6236754.795,3.141,8.246,20.800,162.64,1.601,102,1.539,1.371,2.387,2.126,,,,,,,,,,,,,
2015,4,4/02/2015,2801,20,420,286249.0388,6236704.874,3.100,9.063,20.050,159.19,1.300,122,1.099,1.198,1.457,1.588,,,,,,,,,,,,,
2015,4,4/02/2015,2801,21,421,286306.6786,6236719.409,3.124,8.202,21.800,139.23,1.511,92,1.243,1.188,1.795,1.716,,,,,,,,,,,,,
2015,4,4/02/2015,2801,22,422,286406.2451,6236744.835,3.153,8.336,22.000,104.74,1.566,67,1.082,1.192,1.675,1.844,,,,,,,,,,,,,
2015,4,4/02/2015,2801,23,423,286480.1058,6236763.284,3.243,8.084,23.000,117.37,1.611,73,1.377,1.310,2.357,2.242,,,,,,,,,,,,,
2015,4,4/02/2015,2801,24,424,286514.2513,6236772.32,3.252,7.689,21.900,130.22,1.554,84,1.275,1.225,2.038,1.958,,,,,,,,,,,,,
2015,4,4/02/2015,2801,25,425,286568.7711,6236786.211,3.193,8.396,21.700,136.06,1.666,82,1.174,1.122,1.988,1.901,,,,,,,,,,,,,
2015,4,4/02/2015,2801,26,426,286604.8503,6236795.583,3.134,9.797,20.300,147.46,1.629,91,1.097,1.145,1.883,1.966,,,,,,,,,,,,,
2015,4,4/02/2015,2801,27,427,286645.1154,6236806.252,3.195,8.452,21.800,111.39,1.512,74,1.323,1.254,2.034,1.928,,,,,,,,,,,,,
2015,4,4/02/2015,2801,28,428,286673.0482,6236812.604,3.215,8.273,22.200,168.59,1.648,102,1.213,1.229,2.041,2.068,,,,,,,,,,,,,
2015,4,4/02/2015,2801,29,429,286712.8864,6236823.354,3.163,8.730,22.400,132.84,1.645,81,1.277,1.204,2.136,2.013,,,,,,,,,,,,,
2015,4,4/02/2015,2801,30,430,286781.1633,6236840.027,3.255,7.905,22.000,172.92,1.538,112,1.173,1.185,1.790,1.808,,,,,,,,,,,,,
2015,5,10/02/2015,2936,1,501,286329.2673,6236800.442,3.381,6.955,24.600,145.52,1.361,107,1.577,1.410,2.267,2.027,,,,,,,,,,,,,
2015,5,10/02/2015,2936,2,502,286379.361,6236813.509,3.383,6.691,26.400,101.58,1.409,72,1.839,1.604,2.712,2.366,,,,,,,,,,,,,
2015,5,10/02/2015,2936,3,503,286423.3014,6236823.998,3.331,6.857,26.100,108.51,1.320,82,1.684,1.519,2.364,2.133,,,,,,,,,,,,,
2015,5,10/02/2015,2936,4,504,286470.6307,6236836.078,3.163,8.400,24.600,78.19,1.546,51,1.646,1.469,2.583,2.304,,,,,,,,,,,,,
2015,5,10/02/2015,2936,5,505,286580.7183,6236863.748,3.352,7.922,25.300,123.37,1.493,83,1.582,1.323,2.284,1.911,,,,,,,,,,,,,
2015,5,10/02/2015,2936,6,506,286627.7498,6236875.728,3.359,7.317,26.300,51.86,1.066,49,1.626,1.569,1.813,1.749,,,,,,,,,,,,,
2015,5,10/02/2015,2936,7,507,286664.1786,6236885.122,3.180,9.630,23.600,93.77,1.472,64,1.601,1.476,2.417,2.228,,,,,,,,,,,,,
2015,5,10/02/2015,2936,8,508,286727.255,6236901.306,3.269,7.593,25.300,115.34,1.486,78,1.824,1.552,2.765,2.352,,,,,,,,,,,,,
2015,5,10/02/2015,2936,9,509,286756.382,6236908.759,3.299,8.435,25.100,196.95,1.485,133,1.752,1.523,2.702,2.349,,,,,,,,,,,,,
2015,5,10/02/2015,2936,10,510,286775.6488,6236876.021,3.254,8.767,23.000,167.25,1.374,122,1.465,1.300,2.010,1.783,,,,,,,,,,,,,
2015,5,10/02/2015,2936,11,511,286712.7706,6236860.138,3.332,7.278,25.400,103.56,1.619,64,1.697,1.479,2.714,2.366,,,,,,,,,,,,,
2015,5,10/02/2015,2936,12,512,286681.5855,6236852.068,3.204,9.383,23.600,157.48,1.302,121,1.758,1.515,2.222,1.916,,,,,,,,,,,,,
2015,5,10/02/2015,2936,13,513,286557.7862,6236820.924,3.283,7.153,26.100,133.74,1.452,92,1.665,1.510,2.563,2.324,,,,,,,,,,,,,
2015,5,10/02/2015,2936,14,514,286508.8611,6236808.354,3.187,8.365,24.000,108.72,1.308,83,1.622,1.490,2.009,1.845,,,,,,,,,,,,,
2015,5,10/02/2015,2936,15,515,286468.8143,6236798.188,,,,103.58,1.392,74,1.679,1.546,2.376,2.187,,,,,,,,,,,,,
2015,5,10/02/2015,2936,16,516,286424.9532,6236786.993,3.262,6.937,26.200,108.70,1.336,81,2.014,1.748,2.623,2.275,,,,,,,,,,,,,
2015,5,10/02/2015,2936,17,517,286390.2661,6236778.2,3.370,6.809,27.400,159.76,1.236,129,1.984,1.805,2.592,2.358,,,,,,,,,,,,,
2015,5,10/02/2015,2936,18,518,286336.227,6236764.381,3.351,8.407,26.000,134.60,1.351,100,1.442,1.368,1.962,1.862,,,,,,,,,,,,,
2015,5,10/02/2015,2936,19,519,286295.9428,6236754.238,3.256,8.580,25.000,116.87,1.409,83,1.610,1.395,2.344,2.031,,,,,,,,,,,,,
2015,5,10/02/2015,2936,20,520,286247.3869,6236704.482,3.309,7.312,24.000,141.96,1.380,103,1.374,1.392,1.893,1.918,,,,,,,,,,,,,
2015,5,10/02/2015,2936,21,521,286304.891,6236719.092,3.283,6.775,25.400,151.55,1.379,110,1.668,1.532,2.217,2.036,,,,,,,,,,,,,
2015,5,10/02/2015,2936,22,522,286404.3567,6236744.339,3.350,6.758,26.800,116.03,1.503,77,1.685,1.577,2.579,2.415,,,,,,,,,,,,,
2015,5,10/02/2015,2936,23,523,286477.6581,6236762.794,3.362,6.879,27.000,125.89,1.371,92,1.559,1.521,2.163,2.112,,,,,,,,,,,,,
2015,5,10/02/2015,2936,24,524,286512.4997,6236772.04,3.224,7.097,24.100,160.28,1.403,114,1.756,1.478,2.497,2.103,,,,,,,,,,,,,
2015,5,10/02/2015,2936,25,525,286566.225,6236785.849,3.260,7.809,25.000,100.98,1.521,66,1.606,1.392,2.480,2.150,,,,,,,,,,,,,
2015,5,10/02/2015,2936,26,526,286603.2049,6236795.103,3.319,7.157,26.000,162.72,1.444,113,1.661,1.466,2.412,2.129,,,,,,,,,,,,,
2015,5,10/02/2015,2936,27,527,286643.3189,6236805.438,3.402,6.573,26.200,141.54,1.444,98,1.546,1.457,2.358,2.222,,,,,,,,,,,,,
2015,5,10/02/2015,2936,28,528,286671.1301,6236812.263,3.256,7.370,25.200,130.59,1.581,83,1.631,1.336,2.616,2.144,,,,,,,,,,,,,
2015,5,10/02/2015,2936,29,529,286711.5853,6236822.502,3.313,7.112,25.000,202.15,1.644,123,1.583,1.386,2.492,2.181,,,,,,,,,,,,,
2015,5,10/02/2015,2936,30,530,286779.6216,6236839.599,3.422,7.250,26.500,147.60,1.343,110,1.411,1.236,1.984,1.738,,,,,,,,,,,,,
2015,6,18/02/2015,3141,1,601,286332.2561,6236801.325,3.456,6.134,29.300,68.52,1.148,60,2.023,1.841,2.307,2.099,,,,,,,,,,,,,
2015,6,18/02/2015,3141,2,602,286383.2039,6236813.759,3.521,6.025,28.700,109.95,1.137,97,1.591,1.622,1.772,1.806,,,,,,,,,,,,,
2015,6,18/02/2015,3141,3,603,286426.3567,6236824.872,3.353,6.632,28.600,42.77,1.135,38,1.939,1.793,2.178,2.014,,,,,,,,,,,,,
2015,6,18/02/2015,3141,4,604,286474.3065,6236836.764,3.459,6.091,28.900,128.15,1.040,123,1.701,1.695,1.794,1.788,,,,,,,,,,,,,
2015,6,18/02/2015,3141,5,605,286583.6765,6236864.625,3.431,6.720,27.800,109.93,1.224,90,2.012,1.796,2.347,2.095,,,,,,,,,,,,,
2015,6,18/02/2015,3141,6,606,286630.5713,6236876.861,3.650,5.708,30.800,92.97,0.884,105,1.877,1.913,1.689,1.722,,,,,,,,,,,,,
2015,6,18/02/2015,3141,7,607,286667.8271,6236885.515,3.498,7.751,28.700,110.55,1.344,82,1.846,1.745,2.533,2.395,,,,,,,,,,,,,
2015,6,18/02/2015,3141,8,608,286730.1375,6236901.854,3.500,6.525,28.600,107.23,1.342,80,1.832,1.623,2.529,2.240,,,,,,,,,,,,,
2015,6,18/02/2015,3141,9,609,286759.7012,6236909.413,3.422,7.585,28.300,131.85,1.268,104,1.786,1.597,2.225,1.990,,,,,,,,,,,,,
2015,6,18/02/2015,3141,10,610,286779.3039,6236876.603,3.447,7.331,29.200,119.08,1.232,97,1.804,1.725,2.274,2.175,,,,,,,,,,,,,
2015,6,18/02/2015,3141,11,611,286716.5912,6236861.03,3.467,6.380,27.300,148.91,1.490,100,1.641,1.577,2.460,2.364,,,,,,,,,,,,,
2015,6,18/02/2015,3141,12,612,286685.194,6236852.941,3.390,7.191,27.500,123.40,1.334,93,1.980,1.701,2.653,2.278,,,,,,,,,,,,,
2015,6,18/02/2015,3141,13,613,286561.1149,6236821.698,3.467,7.046,28.500,174.91,1.365,128,1.628,1.568,2.203,2.121,,,,,,,,,,,,,
2015,6,18/02/2015,3141,14,614,286512.6911,6236808.693,3.558,5.875,29.800,131.03,1.253,105,2.187,1.899,2.841,2.466,,,,,,,,,,,,,
2015,6,18/02/2015,3141,15,615,286472.2109,6236799.097,3.448,7.255,29.400,148.70,1.355,110,1.837,1.760,2.546,2.440,,,,,,,,,,,,,
2015,6,18/02/2015,3141,16,616,286428.9142,6236787.944,3.554,5.873,30.200,136.30,1.255,109,1.972,1.857,2.443,2.301,,,,,,,,,,,,,
2015,6,18/02/2015,3141,17,617,286394.0034,6236779.096,3.447,6.864,29.500,103.95,1.166,89,2.052,1.881,2.374,2.176,,,,,,,,,,,,,
2015,6,18/02/2015,3141,18,618,286340.3452,6236765.058,3.556,5.261,28.100,138.25,1.232,112,1.899,1.848,2.377,2.313,,,,,,,,,,,,,
2015,6,18/02/2015,3141,19,619,286299.3317,6236755.077,3.569,5.723,29.500,161.77,1.227,132,1.678,1.672,2.139,2.132,,,,,,,,,,,,,
2015,6,18/02/2015,3141,20,620,286250.5975,6236705.233,3.451,5.897,28.300,116.88,1.253,93,1.728,1.679,2.162,2.100,,,,,,,,,,,,,
2015,6,18/02/2015,3141,21,621,286308.2895,6236719.777,3.409,5.740,29.700,124.96,1.150,109,2.044,1.918,2.347,2.203,,,,,,,,,,,,,
2015,6,18/02/2015,3141,22,622,286407.8629,6236745.715,3.619,5.804,31.200,107.65,1.150,94,1.789,1.752,2.020,1.978,,,,,,,,,,,,,
2015,6,18/02/2015,3141,23,623,286481.3243,6236764.312,3.583,5.572,31.600,104.95,1.235,85,1.782,1.787,2.226,2.233,,,,,,,,,,,,,
2015,6,18/02/2015,3141,24,624,286515.6655,6236773.14,3.583,6.155,30.200,101.19,1.236,82,1.575,1.535,1.960,1.910,,,,,,,,,,,,,
2015,6,18/02/2015,3141,25,625,286570.5156,6236786.735,3.451,6.284,28.100,134.09,1.394,96,1.704,1.645,2.413,2.330,,,,,,,,,,,,,
2015,6,18/02/2015,3141,26,626,286606.8744,6236795.593,3.572,6.647,30.000,104.62,1.186,88,1.878,1.706,2.522,2.291,,,,,,,,,,,,,
2015,6,18/02/2015,3141,27,627,286646.8246,6236806.289,3.466,6.612,28.000,131.10,1.279,103,1.821,1.694,2.122,1.974,,,,,,,,,,,,,
2015,6,18/02/2015,3141,28,628,286674.6084,6236813.17,3.467,6.922,28.850,146.48,1.315,111,1.748,1.640,2.230,2.093,,,,,,,,,,,,,
2015,6,18/02/2015,3141,29,629,286715.1059,6236823.375,3.633,5.826,28.300,100.08,1.329,75,1.563,1.485,2.094,1.989,,,,,,,,,,,,,
2015,6,18/02/2015,3141,30,630,286782.7149,6236840.428,3.460,5.929,28.200,105.58,1.255,84,1.875,1.708,2.304,2.098,,,,,,,,,,,,,
2015,7,23/02/2015,3277,1,701,286329.6202,6236797.23,3.694,4.399,28.800,119.10,1.127,106,1.807,1.739,1.999,1.924,,,,,,,,,,,,,
2015,7,23/02/2015,3277,2,702,286378.7566,6236809.438,3.679,5.636,30.800,126.55,1.100,115,1.855,1.766,2.044,1.946,,,,,,,,,,,,,
2015,7,23/02/2015,3277,3,703,286424.3494,6236820.706,3.689,5.006,30.400,135.21,1.120,121,2.046,1.752,2.280,1.953,,,,,,,,,,,,,
2015,7,23/02/2015,3277,4,704,286471.3168,6236832.571,3.851,6.078,32.400,134.33,1.013,133,1.738,1.730,1.752,1.744,,,,,,,,,,,,,
2015,7,23/02/2015,3277,5,705,286580.1687,6236860.519,3.695,5.079,26.400,149.89,1.168,128,1.764,1.667,1.995,1.886,,,,,,,,,,,,,
2015,7,23/02/2015,3277,6,706,286626.6219,6236871.841,3.808,5.662,34.000,130.06,0.948,137,1.859,1.778,1.755,1.679,,,,,,,,,,,,,
2015,7,23/02/2015,3277,7,707,286662.7248,6236881.542,3.585,5.204,29.400,92.60,1.282,72,1.784,1.676,2.227,2.092,,,,,,,,,,,,,
2015,7,23/02/2015,3277,8,708,286725.8606,6236897.553,3.814,5.406,31.000,98.76,1.108,89,1.823,1.712,1.924,1.807,,,,,,,,,,,,,
2015,7,23/02/2015,3277,9,709,286755.8556,6236904.974,3.607,5.549,28.200,134.00,1.339,100,1.604,1.548,2.243,2.165,,,,,,,,,,,,,
2015,7,23/02/2015,3277,10,710,286774.6731,6236875.631,3.769,4.791,29.900,123.41,1.081,114,1.900,1.672,2.142,1.886,,,,,,,,,,,,,
2015,7,23/02/2015,3277,11,711,286711.1459,6236859.493,3.678,5.457,27.800,86.89,1.213,72,1.648,1.638,1.944,1.933,,,,,,,,,,,,,
2015,7,23/02/2015,3277,12,712,286679.8698,6236851.565,3.604,4.887,30.000,115.37,1.270,91,1.876,1.779,2.240,2.124,,,,,,,,,,,,,
2015,7,23/02/2015,3277,13,713,286555.9942,6236820.664,3.765,4.941,27.000,84.38,1.153,73,1.732,1.703,2.015,1.981,,,,,,,,,,,,,
2015,7,23/02/2015,3277,14,714,286507.5672,6236808.073,3.652,5.592,31.700,112.52,1.116,101,1.941,1.806,2.111,1.964,,,,,,,,,,,,,
2015,7,23/02/2015,3277,15,715,286467.063,6236797.832,3.777,4.889,31.200,78.79,1.193,66,1.818,1.835,2.090,2.109,,,,,,,,,,,,,
2015,7,23/02/2015,3277,16,716,286423.5727,6236787.2,3.851,5.453,35.200,111.61,1.090,102,1.846,1.802,1.943,1.898,,,,,,,,,,,,,
2015,7,23/02/2015,3277,17,717,286388.633,6236777.863,3.897,6.215,34.800,75.97,1.046,73,1.730,1.635,1.868,1.765,,,,,,,,,,,,,
2015,7,23/02/2015,3277,18,718,286334.8618,6236764.119,3.684,5.047,29.300,75.14,1.100,68,1.747,1.740,2.062,2.053,,,,,,,,,,,,,
2015,7,23/02/2015,3277,19,719,286294.5936,6236754.223,3.647,4.865,28.400,103.69,1.269,82,1.695,1.578,2.218,2.066,,,,,,,,,,,,,
2015,7,23/02/2015,3277,20,720,286246.6502,6236700.881,3.663,5.352,30.600,110.19,1.153,96,2.050,1.867,2.346,2.136,,,,,,,,,,,,,
2015,7,23/02/2015,3277,21,721,286304.2947,6236715.07,3.670,4.899,30.800,132.21,1.128,117,1.539,1.475,1.626,1.558,,,,,,,,,,,,,
2015,7,23/02/2015,3277,22,722,286403.9984,6236740.423,3.772,5.456,34.400,82.80,1.098,75,1.661,1.726,1.803,1.873,,,,,,,,,,,,,
2015,7,23/02/2015,3277,23,723,286477.2507,6236759.271,4.027,5.329,34.600,79.28,1.078,74,1.573,1.774,1.674,1.887,,,,,,,,,,,,,
2015,7,23/02/2015,3277,24,724,286512.3335,6236768.073,3.714,5.438,31.300,170.09,1.116,152,2.020,1.833,2.173,1.971,,,,,,,,,,,,,
2015,7,23/02/2015,3277,25,725,286565.608,6236782.056,3.652,5.725,30.400,90.18,1.155,78,1.688,1.745,1.958,2.025,,,,,,,,,,,,,
2015,7,23/02/2015,3277,26,726,286602.8168,6236791.137,3.786,5.176,31.700,52.31,1.049,50,1.903,1.831,1.863,1.793,,,,,,,,,,,,,
2015,7,23/02/2015,3277,27,727,286643.0909,6236801.61,3.734,5.357,31.000,90.07,1.284,70,1.772,1.727,2.260,2.202,,,,,,,,,,,,,
2015,7,23/02/2015,3277,28,728,286670.7271,6236808.685,3.694,6.175,30.900,64.95,1.291,50,1.836,1.759,2.265,2.169,,,,,,,,,,,,,
2015,7,23/02/2015,3277,29,729,286710.9507,6236818.53,3.627,5.259,30.400,93.29,1.189,78,2.013,1.840,2.399,2.193,,,,,,,,,,,,,
2015,7,23/02/2015,3277,30,730,286778.7209,6236835.813,3.666,4.772,29.600,110.92,1.112,100,1.828,1.742,1.951,1.860,,,,,,,,,,,,,
2016,1,14/01/2016,2509,1,101,286332.2556,6236797.321,2.691,20.314,12.100,70.65,0.635,111,0.171,1.628,0.104,0.996,,,,,,,,,,,,,
2016,1,14/01/2016,2509,2,102,286382.6752,6236810.22,2.684,19.387,12.700,68.94,0.693,100,0.259,1.504,0.188,1.093,,,,,,,,,,,,,
2016,1,14/01/2016,2509,3,103,286426.0293,6236821.495,2.619,17.794,15.000,118.48,0.704,168,0.364,1.476,0.242,0.982,,,,,,,,,,,,,
2016,1,14/01/2016,2509,4,104,286472.627,6236832.953,2.625,22.297,11.400,100.33,0.611,164,0.107,1.529,0.067,0.961,,,,,,,,,,,,,
2016,1,14/01/2016,2509,5,105,286586.6748,6236862.225,2.617,19.242,13.400,128.88,0.690,187,0.195,1.553,0.126,1.008,,,,,,,,,,,,,
2016,1,14/01/2016,2509,6,106,286633.8102,6236874.104,2.658,20.227,13.900,73.81,0.580,127,0.143,1.675,0.085,0.997,,,,,,,,,,,,,
2016,1,14/01/2016,2509,7,107,286670.46,6236883.059,2.629,22.254,11.300,114.75,0.545,211,0.079,1.600,0.045,0.906,,,,,,,,,,,,,
2016,1,14/01/2016,2509,8,108,286729.3381,6236898.703,2.657,22.399,12.100,61.25,0.559,109,0.113,1.650,0.063,0.925,,,,,,,,,,,,,
2016,1,14/01/2016,2509,9,109,286760.9332,6236905.603,2.666,20.618,11.900,98.22,0.683,144,0.125,1.591,0.089,1.134,,,,,,,,,,,,,
2016,1,14/01/2016,2509,10,110,286778.6039,6236872.864,2.620,23.528,11.500,84.88,0.640,133,0.111,1.729,0.075,1.172,,,,,,,,,,,,,
2016,1,14/01/2016,2509,11,111,286715.4434,6236857.475,2.608,22.066,12.500,86.37,0.657,131,0.147,1.553,0.099,1.045,,,,,,,,,,,,,
2016,1,14/01/2016,2509,12,112,286684.6072,6236849.582,2.655,20.241,12.500,127.55,0.731,175,0.198,1.700,0.149,1.281,,,,,,,,,,,,,
2016,1,14/01/2016,2509,13,113,286560.7116,6236817.587,2.656,20.444,13.600,95.46,0.712,134,0.164,1.316,0.123,0.985,,,,,,,,,,,,,
2016,1,14/01/2016,2509,14,114,286511.765,6236805.767,2.714,19.402,12.800,83.20,0.791,105,0.170,1.277,0.145,1.086,,,,,,,,,,,,,
2016,1,14/01/2016,2509,15,115,286469.9843,6236795.359,2.680,19.402,12.900,101.92,0.683,149,0.224,1.469,0.163,1.073,,,,,,,,,,,,,
2016,1,14/01/2016,2509,16,116,286424.2917,6236783.604,2.679,20.039,13.200,94.81,0.636,149,0.348,1.518,0.229,0.998,,,,,,,,,,,,,
2016,1,14/01/2016,2509,17,117,286393.1764,6236776.149,2.679,19.459,12.600,76.84,0.737,104,0.216,1.417,0.164,1.076,,,,,,,,,,,,,
2016,1,14/01/2016,2509,18,118,286339.6729,6236762.014,2.743,18.475,12.600,112.80,0.744,152,0.220,1.437,0.163,1.065,,,,,,,,,,,,,
2016,1,14/01/2016,2509,19,119,286298.8421,6236751.173,2.645,21.544,11.800,86.96,0.598,145,0.162,1.773,0.098,1.076,,,,,,,,,,,,,
2016,1,14/01/2016,2509,20,120,286249.7255,6236701.753,2.676,18.736,12.900,141.96,0.671,212,0.213,1.652,0.138,1.069,,,,,,,,,,,,,
2016,1,14/01/2016,2509,21,121,286308.0965,6236716.382,2.638,19.561,12.600,93.53,0.661,141,0.220,1.522,0.149,1.035,,,,,,,,,,,,,
2016,1,14/01/2016,2509,22,122,286405.557,6236740.991,2.625,21.385,11.500,73.41,0.566,130,0.181,1.663,0.099,0.911,,,,,,,,,,,,,
2016,1,14/01/2016,2509,23,123,286480.1349,6236760.017,2.673,20.343,12.300,101.92,0.565,180,0.190,1.747,0.108,0.996,,,,,,,,,,,,,
2016,1,14/01/2016,2509,24,124,286515.3142,6236768.773,2.698,23.043,11.900,89.53,0.589,152,0.155,1.773,0.089,1.016,,,,,,,,,,,,,
2016,1,14/01/2016,2509,25,125,286569.5651,6236782.841,2.675,21.602,12.200,93.52,0.757,124,0.114,1.649,0.087,1.261,,,,,,,,,,,,,
2016,1,14/01/2016,2509,26,126,286605.8806,6236791.84,2.706,21.675,12.100,100.41,0.678,148,0.105,1.790,0.072,1.227,,,,,,,,,,,,,
2016,1,14/01/2016,2509,27,127,286646.059,6236802.389,2.626,21.371,12.200,112.21,0.647,173,0.162,1.651,0.106,1.081,,,,,,,,,,,,,
2016,1,14/01/2016,2509,28,128,286674.2264,6236809.272,2.649,20.705,12.200,90.40,0.706,128,0.211,1.658,0.148,1.162,,,,,,,,,,,,,
2016,1,14/01/2016,2509,29,129,286714.2686,6236819.102,2.632,22.500,11.700,105.53,0.654,161,0.195,1.798,0.134,1.235,,,,,,,,,,,,,
2016,1,14/01/2016,2509,30,130,286782.0834,6236836.934,2.625,21.023,11.700,105.04,0.649,162,0.176,1.602,0.121,1.099,,,,,,,,,,,,,
2016,2,21/01/2016,2677,1,201,286333.4327,6236798.069,2.848,12.550,15.200,66.11,0.567,117,0.609,1.507,0.340,0.841,,,,,,,,,,,,,
2016,2,21/01/2016,2677,2,202,286383.4978,6236810.499,2.922,13.132,14.300,86.21,0.604,143,0.664,1.553,0.654,1.531,,,,,,,,,,,,,
2016,2,21/01/2016,2677,3,203,286427.3955,6236821.714,2.770,13.619,15.300,84.84,0.675,126,0.691,1.546,0.475,1.062,,,,,,,,,,,,,
2016,2,21/01/2016,2677,4,204,286474.8259,6236833.684,2.770,13.848,15.500,85.92,0.802,107,0.701,1.478,0.548,1.155,,,,,,,,,,,,,
2016,2,21/01/2016,2677,5,205,286587.9841,6236862.371,2.792,12.893,16.700,96.92,0.767,126,0.635,1.458,0.474,1.089,,,,,,,,,,,,,
2016,2,21/01/2016,2677,6,206,286635.6349,6236873.94,2.837,12.383,17.200,91.72,0.722,127,0.728,1.460,0.526,1.054,,,,,,,,,,,,,
2016,2,21/01/2016,2677,7,207,286671.9977,6236883.323,2.633,15.245,14.900,111.79,0.727,154,0.738,1.606,0.545,1.187,,,,,,,,,,,,,
2016,2,21/01/2016,2677,8,208,286731.0448,6236898.784,2.816,11.634,17.200,106.70,0.735,145,0.714,1.495,0.506,1.060,,,,,,,,,,,,,
2016,2,21/01/2016,2677,9,209,286762.2526,6236906.533,2.728,18.337,12.500,62.93,0.648,97,0.374,1.583,0.242,1.022,,,,,,,,,,,,,
2016,2,21/01/2016,2677,10,210,286780.3373,6236873.676,2.788,14.867,15.600,90.13,0.821,110,0.590,1.641,0.495,1.375,,,,,,,,,,,,,
2016,2,21/01/2016,2677,11,211,286717.9238,6236857.613,2.908,13.857,16.500,117.66,1.003,117,0.651,1.374,0.643,1.358,,,,,,,,,,,,,
2016,2,21/01/2016,2677,12,212,286686.6729,6236849.664,2.774,14.130,14.900,82.91,0.774,107,0.565,1.528,0.447,1.211,,,,,,,,,,,,,
2016,2,21/01/2016,2677,13,213,286561.9104,6236818.33,2.821,11.847,18.100,127.70,0.834,153,0.777,1.457,0.607,1.138,,,,,,,,,,,,,
2016,2,21/01/2016,2677,14,214,286513.5266,6236805.6,2.953,11.624,18.500,112.25,0.912,123,0.688,1.371,0.632,1.259,,,,,,,,,,,,,
2016,2,21/01/2016,2677,15,215,286471.4883,6236795.48,2.872,14.816,16.200,128.91,0.715,180,0.732,1.587,0.522,1.131,,,,,,,,,,,,,
2016,2,21/01/2016,2677,16,216,286425.9382,6236784.235,2.734,14.693,14.600,79.99,0.663,121,0.768,1.694,0.541,1.193,,,,,,,,,,,,,
2016,2,21/01/2016,2677,17,217,286394.3551,6236776.145,2.889,12.840,17.300,72.63,0.790,92,0.787,1.511,0.632,1.215,,,,,,,,,,,,,
2016,2,21/01/2016,2677,18,218,286340.5325,6236762.494,2.803,12.550,16.500,108.60,0.790,137,0.882,1.536,0.727,1.265,,,,,,,,,,,,,
2016,2,21/01/2016,2677,19,219,286300.5455,6236752.084,2.811,13.558,15.600,81.71,0.676,121,0.680,1.603,0.489,1.152,,,,,,,,,,,,,
2016,2,21/01/2016,2677,20,220,286251.9698,6236702.658,2.768,13.453,15.100,95.66,0.657,146,0.668,1.555,0.427,0.995,,,,,,,,,,,,,
2016,2,21/01/2016,2677,21,221,286309.6574,6236717.054,2.847,13.639,15.100,84.48,0.712,119,0.614,1.492,0.427,1.038,,,,,,,,,,,,,
2016,2,21/01/2016,2677,22,222,286407.0007,6236741.664,2.752,13.260,15.600,101.96,0.642,159,0.845,1.647,0.551,1.076,,,,,,,,,,,,,
2016,2,21/01/2016,2677,23,223,286482.5242,6236760.57,2.860,13.797,14.800,86.65,0.660,131,0.567,1.449,0.383,0.979,,,,,,,,,,,,,
2016,2,21/01/2016,2677,24,224,286517.813,6236769.524,2.764,14.423,14.800,101.34,0.632,160,0.661,1.537,0.402,0.933,,,,,,,,,,,,,
2016,2,21/01/2016,2677,25,225,286571.1047,6236783.429,2.892,13.492,16.700,112.03,0.883,127,0.626,1.436,0.549,1.259,,,,,,,,,,,,,
2016,2,21/01/2016,2677,26,226,286607.7562,6236792.972,2.759,14.737,15.000,98.40,0.754,130,0.575,1.567,0.454,1.236,,,,,,,,,,,,,
2016,2,21/01/2016,2677,27,227,286648.4477,6236802.632,2.813,13.260,16.000,100.66,0.845,119,0.558,1.458,0.456,1.192,,,,,,,,,,,,,
2016,2,21/01/2016,2677,28,228,286676.1353,6236809.953,2.856,14.620,16.200,111.23,0.732,152,0.627,1.550,0.470,1.161,,,,,,,,,,,,,
2016,2,21/01/2016,2677,29,229,286716.9679,6236819.849,2.717,17.016,13.200,70.48,0.559,126,0.359,1.474,0.195,0.801,,,,,,,,,,,,,
2016,2,21/01/2016,2677,30,230,286784.0417,6236837.61,2.826,13.167,15.300,128.64,0.659,195,0.690,1.541,0.461,1.029,,,,,,,,,,,,,
2016,3,27/01/2016,2813,1,301,286329.874,6236797.52,3.020,8.689,18.600,102.12,0.883,116,1.160,1.539,1.035,1.374,,,,,,,,,,,,,
2016,3,27/01/2016,2813,2,302,286380.5316,6236810.181,3.029,9.731,18.100,115.81,0.949,122,0.989,1.539,0.918,1.428,,,,,,,,,,,,,
2016,3,27/01/2016,2813,3,303,286424.0026,6236820.987,2.984,8.683,20.200,135.06,0.948,142,1.369,1.546,1.279,1.444,,,,,,,,,,,,,
2016,3,27/01/2016,2813,4,304,286471.0104,6236832.839,3.026,10.619,18.000,100.19,0.777,129,0.868,1.424,0.683,1.119,,,,,,,,,,,,,
2016,3,27/01/2016,2813,5,305,286584.7164,6236861.488,2.913,12.887,16.200,101.29,0.982,103,0.654,1.260,0.635,1.223,,,,,,,,,,,,,
2016,3,27/01/2016,2813,6,306,286631.7153,6236873.613,3.051,9.930,18.200,77.31,0.799,97,0.802,1.308,0.621,1.012,,,,,,,,,,,,,
2016,3,27/01/2016,2813,7,307,286668.5732,6236882.898,2.923,11.676,17.500,124.31,0.858,145,0.955,1.606,0.849,1.427,,,,,,,,,,,,,
2016,3,27/01/2016,2813,8,308,286728.0942,6236897.704,2.930,10.282,17.500,155.01,0.745,208,0.816,1.416,0.603,1.046,,,,,,,,,,,,,
2016,3,27/01/2016,2813,9,309,286758.6739,6236906.046,2.958,10.717,16.800,138.55,1.007,138,0.852,1.447,0.864,1.467,,,,,,,,,,,,,
2016,3,27/01/2016,2813,10,310,286776.8766,6236872.944,2.993,9.165,18.600,181.56,0.847,214,0.979,1.577,0.852,1.372,,,,,,,,,,,,,
2016,3,27/01/2016,2813,11,311,286713.6804,6236856.955,2.977,10.398,18.300,119.80,0.985,122,1.020,1.443,0.990,1.400,,,,,,,,,,,,,
2016,3,27/01/2016,2813,12,312,286682.3805,6236848.994,3.049,9.601,18.400,138.86,0.948,147,0.976,1.522,0.898,1.401,,,,,,,,,,,,,
2016,3,27/01/2016,2813,13,313,286558.7305,6236817.652,2.920,10.039,18.500,142.26,0.889,160,0.980,1.427,0.850,1.237,,,,,,,,,,,,,
2016,3,27/01/2016,2813,14,314,286509.8972,6236805.246,3.153,8.971,20.100,87.14,1.010,86,1.287,1.580,1.298,1.595,,,,,,,,,,,,,
2016,3,27/01/2016,2813,15,315,286467.7404,6236794.713,3.044,10.247,18.800,90.69,0.934,97,1.175,1.560,1.080,1.433,,,,,,,,,,,,,
2016,3,27/01/2016,2813,16,316,286422.0232,6236783.294,2.980,9.866,18.500,121.98,0.846,144,1.240,1.666,1.054,1.416,,,,,,,,,,,,,
2016,3,27/01/2016,2813,17,317,286390.725,6236775.547,3.042,8.744,19.600,133.36,0.845,158,1.266,1.665,1.090,1.432,,,,,,,,,,,,,
2016,3,27/01/2016,2813,18,318,286336.7821,6236761.634,2.964,9.894,17.800,106.31,0.910,117,1.168,1.624,1.026,1.427,,,,,,,,,,,,,
2016,3,27/01/2016,2813,19,319,286296.4378,6236751.488,2.960,10.201,18.500,104.06,0.773,135,0.897,1.514,0.725,1.224,,,,,,,,,,,,,
2016,3,27/01/2016,2813,20,320,286247.9716,6236701.788,2.995,9.910,17.500,120.96,0.846,143,0.956,1.552,0.785,1.274,,,,,,,,,,,,,
2016,3,27/01/2016,2813,21,321,286305.6745,6236716.185,2.877,10.602,17.300,101.19,0.676,150,0.940,1.572,0.642,1.074,,,,,,,,,,,,,
2016,3,27/01/2016,2813,22,322,286403.7719,6236740.832,2.908,12.570,15.900,77.84,0.644,121,0.835,1.380,0.562,0.928,,,,,,,,,,,,,
2016,3,27/01/2016,2813,23,323,286478.6544,6236759.945,2.990,10.453,17.300,83.78,0.747,112,0.923,1.384,0.692,1.038,,,,,,,,,,,,,
2016,3,27/01/2016,2813,24,324,286513.301,6236768.962,2.973,9.926,18.200,135.95,0.748,182,0.918,1.514,0.727,1.200,,,,,,,,,,,,,
2016,3,27/01/2016,2813,25,325,286567.9433,6236782.616,2.974,10.168,17.400,107.23,0.835,128,0.736,1.431,0.634,1.233,,,,,,,,,,,,,
2016,3,27/01/2016,2813,26,326,286604.3048,6236791.76,3.006,9.824,17.800,110.68,0.880,126,0.906,1.519,0.817,1.369,,,,,,,,,,,,,
2016,3,27/01/2016,2813,27,327,286644.385,6236802.023,2.987,10.566,17.400,171.30,0.756,227,0.675,1.563,0.499,1.157,,,,,,,,,,,,,
2016,3,27/01/2016,2813,28,328,286672.3782,6236809.317,2.970,11.492,17.000,100.58,0.732,137,0.706,1.566,0.531,1.177,,,,,,,,,,,,,
2016,3,27/01/2016,2813,29,329,286712.6707,6236819.183,2.955,10.389,16.500,101.24,0.874,116,0.681,1.400,0.608,1.252,,,,,,,,,,,,,
2016,3,27/01/2016,2813,30,330,286780.6856,6236836.271,3.002,10.171,17.900,118.78,0.791,150,0.940,1.565,0.732,1.220,,,,,,,,,,,,,
2016,4,3/02/2016,2948,1,401,286330.7925,6236800.578,3.166,8.191,18.100,120.43,1.003,120,1.355,1.489,1.382,1.518,,,,,,,,,,,,,
2016,4,3/02/2016,2948,2,402,286381.6425,6236813.247,3.074,7.590,17.100,101.95,0.950,107,1.175,1.553,1.116,1.475,,,,,,,,,,,,,
2016,4,3/02/2016,2948,3,403,286424.7413,6236824.432,3.190,7.622,19.900,153.06,0.961,159,1.306,1.410,1.260,1.361,,,,,,,,,,,,,
2016,4,3/02/2016,2948,4,404,286471.7274,6236836.225,3.142,8.423,20.000,139.30,0.970,144,1.426,1.433,1.309,1.316,,,,,,,,,,,,,
2016,4,3/02/2016,2948,5,405,286585.5523,6236864.932,3.142,8.287,18.700,177.78,1.099,162,1.093,1.358,1.196,1.486,,,,,,,,,,,,,
2016,4,3/02/2016,2948,6,406,286633.1878,6236876.699,3.194,7.766,21.100,76.47,0.963,79,1.603,1.550,1.530,1.480,,,,,,,,,,,,,
2016,4,3/02/2016,2948,7,407,286669.5791,6236886.322,3.166,8.146,19.800,124.37,1.272,98,1.112,1.223,1.421,1.562,,,,,,,,,,,,,
2016,4,3/02/2016,2948,8,408,286728.5696,6236901.352,3.205,7.769,20.600,147.97,1.236,120,1.256,1.424,1.538,1.745,,,,,,,,,,,,,
2016,4,3/02/2016,2948,9,409,286760.0827,6236909.503,3.043,9.176,17.900,105.98,0.901,118,1.081,1.368,0.980,1.241,,,,,,,,,,,,,
2016,4,3/02/2016,2948,10,410,286777.5611,6236876.616,3.208,7.968,18.600,126.19,1.167,108,1.164,1.372,1.369,1.614,,,,,,,,,,,,,
2016,4,3/02/2016,2948,11,411,286715.1204,6236860.531,3.205,8.544,21.100,146.77,1.289,114,1.225,1.384,1.554,1.755,,,,,,,,,,,,,
2016,4,3/02/2016,2948,12,412,286683.8723,6236852.183,3.031,9.993,17.450,145.73,0.937,156,1.078,1.470,1.016,1.385,,,,,,,,,,,,,
2016,4,3/02/2016,2948,13,413,286559.5887,6236821.333,3.238,8.172,22.300,133.82,1.239,108,1.433,1.470,1.785,1.831,,,,,,,,,,,,,
2016,4,3/02/2016,2948,14,414,286510.5266,6236809.101,3.113,8.673,19.200,136.13,0.969,140,1.271,1.521,1.240,1.484,,,,,,,,,,,,,
2016,4,3/02/2016,2948,15,415,286468.5215,6236798.533,3.157,8.113,19.400,154.56,0.950,163,1.597,1.618,1.481,1.500,,,,,,,,,,,,,
2016,4,3/02/2016,2948,16,416,286423.225,6236786.909,3.099,7.917,18.800,94.92,1.054,90,1.521,1.610,1.602,1.696,,,,,,,,,,,,,
2016,4,3/02/2016,2948,17,417,286391.8985,6236778.845,3.167,8.158,16.300,95.07,0.736,129,1.123,1.461,0.829,1.078,,,,,,,,,,,,,
2016,4,3/02/2016,2948,18,418,286338.1629,6236765.161,3.105,8.888,17.600,111.44,1.033,108,1.266,1.393,1.314,1.446,,,,,,,,,,,,,
2016,4,3/02/2016,2948,19,419,286297.8712,6236755.077,3.105,7.432,17.900,122.65,0.942,130,1.269,1.447,1.202,1.371,,,,,,,,,,,,,
2016,4,3/02/2016,2948,20,420,286248.9953,6236705.232,3.155,8.126,18.400,120.33,0.906,133,1.351,1.503,1.210,1.346,,,,,,,,,,,,,
2016,4,3/02/2016,2948,21,421,286306.4911,6236719.594,3.086,8.623,18.600,144.97,1.059,137,1.338,1.384,1.388,1.436,,,,,,,,,,,,,
2016,4,3/02/2016,2948,22,422,286404.4106,6236744.409,3.116,8.310,17.200,126.79,0.899,141,1.056,1.424,0.958,1.292,,,,,,,,,,,,,
2016,4,3/02/2016,2948,23,423,286479.4497,6236763.684,3.109,7.105,18.200,113.09,0.917,123,1.324,1.506,1.238,1.408,,,,,,,,,,,,,
2016,4,3/02/2016,2948,24,424,286513.9491,6236772.465,3.154,8.097,18.400,82.61,0.892,93,1.386,1.448,1.243,1.299,,,,,,,,,,,,,
2016,4,3/02/2016,2948,25,425,286568.6251,6236786.264,3.142,8.821,19.300,130.06,1.160,112,1.196,1.369,1.377,1.576,,,,,,,,,,,,,
2016,4,3/02/2016,2948,26,426,286605.3923,6236795.186,3.132,7.644,18.500,119.95,0.994,121,1.107,1.364,1.097,1.351,,,,,,,,,,,,,
2016,4,3/02/2016,2948,27,427,286645.3611,6236805.603,3.131,7.814,20.500,143.72,1.097,131,1.321,1.464,1.448,1.605,,,,,,,,,,,,,
2016,4,3/02/2016,2948,28,428,286673.2363,6236812.529,3.057,9.356,17.200,103.85,0.872,119,1.359,1.668,1.166,1.431,,,,,,,,,,,,,
2016,4,3/02/2016,2948,29,429,286713.7708,6236822.664,3.109,7.738,17.500,104.76,0.919,114,1.162,1.459,1.087,1.365,,,,,,,,,,,,,
2016,4,3/02/2016,2948,30,430,286781.6863,6236839.721,3.181,8.145,17.200,131.37,1.012,130,1.118,1.428,1.138,1.453,,,,,,,,,,,,,
2016,5,10/02/2016,3094,1,501,286332.2376,6236794.23,3.125,7.855,22.900,105.27,0.987,107,1.506,1.479,1.522,1.495,,,,,,,,,,,,,
2016,5,10/02/2016,3094,2,502,286383.2349,6236807.129,3.149,8.169,23.300,135.70,0.869,156,1.370,1.438,1.182,1.241,,,,,,,,,,,,,
2016,5,10/02/2016,3094,3,503,286426.9419,6236818.196,3.215,8.668,23.350,124.06,0.882,141,1.602,1.544,1.417,1.367,,,,,,,,,,,,,
2016,5,10/02/2016,3094,4,504,286473.2852,6236830.068,3.231,7.018,24.600,143.90,0.867,166,1.654,1.634,1.450,1.432,,,,,,,,,,,,,
2016,5,10/02/2016,3094,5,505,286586.4683,6236859.084,3.253,7.843,22.600,126.53,0.938,135,1.306,1.325,1.204,1.222,,,,,,,,,,,,,
2016,5,10/02/2016,3094,6,506,286633.5994,6236871.088,3.256,7.209,23.600,102.51,0.847,121,1.684,1.562,1.452,1.346,,,,,,,,,,,,,
2016,5,10/02/2016,3094,7,507,286670.6946,6236880.097,3.257,7.454,23.700,93.16,0.998,93,1.726,1.544,1.748,1.563,,,,,,,,,,,,,
2016,5,10/02/2016,3094,8,508,286730.0856,6236895.065,3.108,7.787,23.800,61.20,0.906,68,1.804,1.604,1.656,1.472,,,,,,,,,,,,,
2016,5,10/02/2016,3094,9,509,286762.0629,6236902.986,3.147,7.911,23.200,124.97,1.043,120,1.459,1.543,1.525,1.613,,,,,,,,,,,,,
2016,5,10/02/2016,3094,10,510,286779.4947,6236869.979,3.119,7.691,22.100,116.79,0.964,121,1.295,1.531,1.226,1.450,,,,,,,,,,,,,
2016,5,10/02/2016,3094,11,511,286716.536,6236854.184,2.989,8.367,19.600,151.90,0.912,166,1.246,1.409,1.192,1.348,,,,,,,,,,,,,
2016,5,10/02/2016,3094,12,512,286684.6187,6236846,3.153,8.108,23.200,97.67,0.872,112,1.730,1.623,1.426,1.338,,,,,,,,,,,,,
2016,5,10/02/2016,3094,13,513,286560.947,6236814.733,3.115,8.694,24.300,85.40,1.008,85,1.542,1.556,1.580,1.595,,,,,,,,,,,,,
2016,5,10/02/2016,3094,14,514,286512.4721,6236802.217,3.144,8.801,20.200,112.09,0.846,133,1.424,1.611,1.186,1.342,,,,,,,,,,,,,
2016,5,10/02/2016,3094,15,515,286469.8451,6236791.695,3.109,7.645,23.300,139.12,0.969,144,1.458,1.610,1.445,1.596,,,,,,,,,,,,,
2016,5,10/02/2016,3094,16,516,286424.8287,6236780.154,3.070,7.937,22.700,141.86,0.849,167,1.631,1.696,1.379,1.434,,,,,,,,,,,,,
2016,5,10/02/2016,3094,17,517,286393.4362,6236772.282,3.074,7.732,23.200,86.79,0.899,97,1.541,1.645,1.402,1.496,,,,,,,,,,,,,
2016,5,10/02/2016,3094,18,518,286339.3696,6236758.391,3.264,8.039,24.100,129.52,0.943,137,1.603,1.610,1.507,1.514,,,,,,,,,,,,,
2016,5,10/02/2016,3094,19,519,286298.9985,6236748.41,3.171,8.194,22.800,92.36,0.798,116,1.477,1.635,1.203,1.332,,,,,,,,,,,,,
2016,5,10/02/2016,3094,20,520,286250.2953,6236698.763,3.105,7.976,25.100,109.54,0.797,137,1.885,1.792,1.473,1.401,,,,,,,,,,,,,
2016,5,10/02/2016,3094,21,521,286308.2571,6236713.024,3.190,7.767,24.000,100.37,0.899,112,1.399,1.586,1.241,1.408,,,,,,,,,,,,,
2016,5,10/02/2016,3094,22,522,286406.1262,6236738.023,3.299,7.500,24.700,131.17,0.909,144,1.613,1.616,1.452,1.455,,,,,,,,,,,,,
2016,5,10/02/2016,3094,23,523,286481.1058,6236756.928,3.237,7.188,23.200,138.56,0.828,167,1.486,1.686,1.242,1.408,,,,,,,,,,,,,
2016,5,10/02/2016,3094,24,524,286515.7688,6236765.694,3.201,7.367,23.700,156.21,0.875,178,1.776,1.750,1.535,1.512,,,,,,,,,,,,,
2016,5,10/02/2016,3094,25,525,286570.1584,6236779.62,3.224,7.523,24.100,90.98,1.061,86,1.383,1.522,1.461,1.607,,,,,,,,,,,,,
2016,5,10/02/2016,3094,26,526,286607.1663,6236788.797,3.166,8.232,22.200,157.78,0.825,191,1.326,1.595,1.097,1.320,,,,,,,,,,,,,
2016,5,10/02/2016,3094,27,527,286646.9092,6236799.396,3.221,7.503,23.300,103.32,1.029,100,1.527,1.665,1.568,1.711,,,,,,,,,,,,,
2016,5,10/02/2016,3094,28,528,286674.9557,6236806.374,3.085,7.511,23.300,95.16,0.997,95,1.530,1.678,1.525,1.673,,,,,,,,,,,,,
2016,5,10/02/2016,3094,29,529,286714.7964,6236816.602,3.160,8.295,22.700,137.80,0.921,150,1.360,1.646,1.270,1.536,,,,,,,,,,,,,
2016,5,10/02/2016,3094,30,530,286783.175,6236833.616,3.178,8.635,20.500,111.11,0.925,120,1.120,1.540,1.038,1.428,,,,,,,,,,,,,
2016,6,17/02/2016,3239,1,601,286328.746,6236799.988,3.355,5.971,25.800,128.03,0.976,131,1.501,1.497,1.469,1.465,,,,,,,,,,,,,
2016,6,17/02/2016,3239,2,602,286379.4949,6236813.107,3.122,6.851,24.800,169.51,0.869,195,1.479,1.539,1.274,1.327,,,,,,,,,,,,,
2016,6,17/02/2016,3239,3,603,286423.374,6236824.126,3.170,6.391,26.200,151.72,0.867,175,1.788,1.635,1.475,1.349,,,,,,,,,,,,,
2016,6,17/02/2016,3239,4,604,286470.9279,6236835.946,3.264,6.729,25.500,122.87,0.852,144,1.589,1.572,1.430,1.414,,,,,,,,,,,,,
2016,6,17/02/2016,3239,5,605,286584.1073,6236864.583,3.312,6.502,25.400,102.89,1.105,93,1.529,1.504,1.681,1.653,,,,,,,,,,,,,
2016,6,17/02/2016,3239,6,606,286630.9784,6236876.502,3.342,6.924,25.400,80.10,0.857,93,1.992,1.772,1.716,1.526,,,,,,,,,,,,,
2016,6,17/02/2016,3239,7,607,286667.1901,6236886.025,3.343,6.327,25.100,129.24,1.083,119,1.689,1.569,1.829,1.699,,,,,,,,,,,,,
2016,6,17/02/2016,3239,8,608,286727.1479,6236901.206,3.243,6.557,25.200,107.06,0.864,124,1.716,1.632,1.493,1.420,,,,,,,,,,,,,
2016,6,17/02/2016,3239,9,609,286758.8755,6236908.588,3.193,6.381,24.600,76.83,1.014,76,1.606,1.453,1.645,1.489,,,,,,,,,,,,,
2016,6,17/02/2016,3239,10,610,286776.2053,6236876.348,3.249,6.843,24.100,146.42,0.988,148,1.587,1.524,1.490,1.431,,,,,,,,,,,,,
2016,6,17/02/2016,3239,11,611,286713.2902,6236860.935,3.247,6.571,24.100,122.60,1.174,104,1.555,1.524,1.826,1.790,,,,,,,,,,,,,
2016,6,17/02/2016,3239,12,612,286681.4468,6236852.548,3.224,6.576,24.500,180.22,0.933,193,1.160,1.396,1.078,1.297,,,,,,,,,,,,,
2016,6,17/02/2016,3239,13,613,286558.265,6236821.075,3.148,6.854,25.100,121.17,0.914,133,1.749,1.610,1.594,1.466,,,,,,,,,,,,,
2016,6,17/02/2016,3239,14,614,286509.1581,6236808.368,3.334,7.177,25.450,118.89,0.961,124,1.588,1.542,1.515,1.471,,,,,,,,,,,,,
2016,6,17/02/2016,3239,15,615,286467.2774,6236798.229,3.218,6.551,25.500,138.54,0.859,161,1.823,1.703,1.579,1.475,,,,,,,,,,,,,
2016,6,17/02/2016,3239,16,616,286421.2291,6236785.714,3.359,7.254,24.950,80.88,0.752,107,1.950,1.673,1.473,1.264,,,,,,,,,,,,,
2016,6,17/02/2016,3239,17,617,286388.6565,6236779.552,3.170,6.745,24.500,96.93,0.765,127,1.668,1.622,1.250,1.215,,,,,,,,,,,,,
2016,6,17/02/2016,3239,18,618,286337.0056,6236764.561,3.337,5.758,25.600,150.40,0.926,162,1.537,1.563,1.468,1.493,,,,,,,,,,,,,
2016,6,17/02/2016,3239,19,619,286296.8309,6236754.479,3.201,7.212,23.900,118.29,0.897,132,1.217,1.416,1.152,1.340,,,,,,,,,,,,,
2016,6,17/02/2016,3239,20,620,286247.5999,6236704.666,3.215,7.903,25.100,106.04,0.879,121,1.527,1.681,1.396,1.537,,,,,,,,,,,,,
2016,6,17/02/2016,3239,21,621,286305.2006,6236719.163,3.257,6.795,25.000,104.12,0.917,114,1.696,1.626,1.541,1.478,,,,,,,,,,,,,
2016,6,17/02/2016,3239,22,622,286403.121,6236743.731,3.184,6.485,25.000,126.14,0.893,141,1.611,1.690,1.483,1.557,,,,,,,,,,,,,
2016,6,17/02/2016,3239,23,623,286478.6795,6236762.93,3.212,6.784,25.600,114.10,0.875,130,1.894,1.764,1.700,1.582,,,,,,,,,,,,,
2016,6,17/02/2016,3239,24,624,286512.8388,6236771.9,3.441,5.392,25.800,90.61,0.914,99,1.756,1.596,1.616,1.468,,,,,,,,,,,,,
2016,6,17/02/2016,3239,25,625,286566.864,6236785.66,3.284,6.857,25.100,75.29,1.000,75,1.458,1.442,1.501,1.484,,,,,,,,,,,,,
2016,6,17/02/2016,3239,26,626,286603.9265,6236794.874,3.160,6.607,23.400,113.70,0.826,138,1.477,1.517,1.154,1.185,,,,,,,,,,,,,
2016,6,17/02/2016,3239,27,627,286643.7369,6236805.348,3.233,6.376,25.000,147.39,1.056,140,1.642,1.548,1.687,1.591,,,,,,,,,,,,,
2016,6,17/02/2016,3239,28,628,286671.321,6236812.338,3.296,7.368,25.000,99.09,0.952,104,1.664,1.629,1.605,1.570,,,,,,,,,,,,,
2016,6,17/02/2016,3239,29,629,286711.6051,6236822.717,3.292,6.527,24.700,97.99,0.906,108,1.355,1.495,1.204,1.328,,,,,,,,,,,,,
2016,6,17/02/2016,3239,30,630,286779.6388,6236839.588,3.194,6.854,24.200,131.78,0.831,159,1.371,1.598,1.192,1.388,,,,,,,,,,,,,
2016,7,24/02/2016,3403,1,701,286333.4328,6236801.067,3.229,6.427,27.000,68.23,0.807,85,2.058,2.097,1.664,1.696,,,,,,,,,,,,,
2016,7,24/02/2016,3403,2,702,286383.8953,6236813.91,3.193,6.050,26.600,85.99,0.824,104,1.941,1.861,1.628,1.561,,,,,,,,,,,,,
2016,7,24/02/2016,3403,3,703,286427.1331,6236825.219,3.251,5.903,27.100,111.07,0.791,140,2.086,2.044,1.665,1.631,,,,,,,,,,,,,
2016,7,24/02/2016,3403,4,704,286475.0835,6236837.013,3.293,6.105,26.700,83.77,0.878,95,1.969,1.954,1.775,1.761,,,,,,,,,,,,,
2016,7,24/02/2016,3403,5,705,286588.4362,6236865.416,3.403,5.313,27.200,117.94,0.945,125,1.784,1.757,1.704,1.678,,,,,,,,,,,,,
2016,7,24/02/2016,3403,6,706,286635.7374,6236877.665,3.382,5.527,27.400,135.85,0.910,149,1.943,1.814,1.769,1.651,,,,,,,,,,,,,
2016,7,24/02/2016,3403,7,707,286671.3941,6236887.136,3.308,5.617,26.900,93.22,0.987,94,1.484,1.496,1.462,1.473,,,,,,,,,,,,,
2016,7,24/02/2016,3403,8,708,286730.633,6236901.878,3.332,5.843,27.400,135.12,0.959,141,1.759,1.677,0.642,0.612,,,,,,,,,,,,,
2016,7,24/02/2016,3403,9,709,286762.0134,6236910.04,3.278,5.968,27.400,106.98,0.930,115,1.736,1.777,0.574,0.588,,,,,,,,,,,,,
2016,7,24/02/2016,3403,10,710,286779.8251,6236876.851,3.337,7.027,26.750,108.47,0.868,125,1.637,1.769,1.439,1.555,,,,,,,,,,,,,
2016,7,24/02/2016,3403,11,711,286716.6319,6236860.865,3.445,6.700,27.500,120.96,1.105,109,1.553,1.669,1.785,1.919,,,,,,,,,,,,,
2016,7,24/02/2016,3403,12,712,286685.2537,6236853.164,3.176,6.699,26.200,106.53,0.847,126,1.741,1.795,1.471,1.517,,,,,,,,,,,,,
2016,7,24/02/2016,3403,13,713,286561.5811,6236821.524,3.420,5.705,28.200,102.84,0.951,108,1.872,1.830,1.832,1.791,,,,,,,,,,,,,
2016,7,24/02/2016,3403,14,714,286512.1824,6236809.39,3.363,6.284,27.600,70.67,0.971,73,2.064,1.967,2.021,1.926,,,,,,,,,,,,,
2016,7,24/02/2016,3403,15,715,286470.3061,6236798.919,3.369,5.524,28.200,117.00,1.004,117,1.930,1.944,1.930,1.944,,,,,,,,,,,,,
2016,7,24/02/2016,3403,16,716,286424.889,6236787.174,3.326,6.098,26.300,135.19,0.724,187,1.837,1.948,1.336,1.416,,,,,,,,,,,,,
2016,7,24/02/2016,3403,17,717,286393.2416,6236779.746,3.361,5.708,27.300,109.37,0.770,142,2.065,2.032,1.594,1.568,,,,,,,,,,,,,
2016,7,24/02/2016,3403,18,718,286339.8393,6236765.494,3.357,5.730,27.600,100.54,0.909,111,2.095,2.030,1.916,1.857,,,,,,,,,,,,,
2016,7,24/02/2016,3403,19,719,286299.2108,6236755.587,3.295,6.064,27.400,121.56,0.831,146,2.056,2.028,1.703,1.680,,,,,,,,,,,,,
2016,7,24/02/2016,3403,20,720,286251.2436,6236705.205,3.281,6.125,27.700,126.19,0.759,166,2.231,2.158,1.663,1.608,,,,,,,,,,,,,
2016,7,24/02/2016,3403,21,721,286308.751,6236719.941,3.300,7.061,27.600,91.98,0.801,115,1.876,1.725,1.527,1.405,,,,,,,,,,,,,
2016,7,24/02/2016,3403,22,722,286406.609,6236745.093,3.311,6.416,27.900,141.01,0.792,178,1.911,1.820,1.514,1.442,,,,,,,,,,,,,
2016,7,24/02/2016,3403,23,723,286481.1744,6236764.063,3.259,6.486,27.300,82.96,0.892,93,1.558,1.554,1.390,1.387,,,,,,,,,,,,,
2016,7,24/02/2016,3403,24,724,286516.4398,6236772.691,3.351,7.004,28.050,115.41,0.831,139,1.569,1.620,1.319,1.361,,,,,,,,,,,,,
2016,7,24/02/2016,3403,25,725,286569.5811,6236786.431,3.323,6.355,27.700,129.86,0.951,136,1.380,1.467,1.333,1.417,,,,,,,,,,,,,
2016,7,24/02/2016,3403,26,726,286607.3356,6236795.84,3.359,5.722,27.300,113.97,1.028,111,1.539,1.540,1.588,1.589,,,,,,,,,,,,,
2016,7,24/02/2016,3403,27,727,286646.9299,6236805.925,3.300,5.431,27.700,135.93,0.893,152,1.708,1.632,1.517,1.449,,,,,,,,,,,,,
2016,7,24/02/2016,3403,28,728,286674.8658,6236813.235,3.197,6.649,26.300,100.03,0.898,111,1.620,1.644,1.457,1.479,,,,,,,,,,,,,
2016,7,24/02/2016,3403,29,729,286715.4342,6236822.959,3.363,5.411,27.200,75.67,0.780,97,1.638,1.668,1.270,1.294,,,,,,,,,,,,,
2016,7,24/02/2016,3403,30,730,286783.4967,6236839.989,3.472,4.935,27.300,85.70,0.811,106,1.650,1.615,1.297,1.270,,,,,,,,,,,,,
2016,8,29/02/2016,3499,1,801,286330.8494,6236793.894,3.460,5.185,26.900,128.79,0.775,166,1.991,1.928,1.552,1.503,,,,,,,,,,,,,
2016,8,29/02/2016,3499,2,802,286381.4881,6236806.57,3.376,5.561,26.400,104.38,0.747,140,1.770,1.836,1.317,1.367,,,,,,,,,,,,,
2016,8,29/02/2016,3499,3,803,286425.0213,6236817.488,3.358,6.077,27.500,113.24,0.844,134,1.877,1.851,1.574,1.552,,,,,,,,,,,,,
2016,8,29/02/2016,3499,4,804,286471.9216,6236829.734,3.330,6.184,26.300,101.20,0.731,138,1.636,1.676,1.175,1.204,,,,,,,,,,,,,
2016,8,29/02/2016,3499,5,805,286585.4755,6236858.292,3.413,5.600,26.400,82.71,0.656,126,1.745,1.757,1.161,1.170,,,,,,,,,,,,,
2016,8,29/02/2016,3499,6,806,286632.8122,6236870.266,3.426,6.582,27.200,102.68,0.858,120,1.708,1.613,1.460,1.379,,,,,,,,,,,,,
2016,8,29/02/2016,3499,7,807,286669.1402,6236879.276,3.406,5.595,27.100,134.64,0.999,135,1.864,1.824,1.868,1.828,,,,,,,,,,,,,
2016,8,29/02/2016,3499,8,808,286728.7262,6236895.023,3.383,5.680,26.700,107.45,0.859,125,1.938,1.795,1.665,1.542,,,,,,,,,,,,,
2016,8,29/02/2016,3499,9,809,286760.5436,6236902.861,3.362,5.312,26.200,127.21,0.947,134,1.629,1.685,1.523,1.576,,,,,,,,,,,,,
2016,8,29/02/2016,3499,10,810,286777.5639,6236869.588,3.382,6.071,26.850,121.06,0.866,140,1.630,1.688,1.453,1.504,,,,,,,,,,,,,
2016,8,29/02/2016,3499,11,811,286714.7285,6236853.585,3.361,5.758,26.500,126.69,0.816,155,1.571,1.637,1.285,1.339,,,,,,,,,,,,,
2016,8,29/02/2016,3499,12,812,286683.4419,6236845.236,3.418,5.622,26.700,141.66,0.873,162,1.447,1.560,1.280,1.380,,,,,,,,,,,,,
2016,8,29/02/2016,3499,13,813,286559.0138,6236813.97,3.376,5.886,28.100,123.77,0.930,133,1.736,1.695,1.632,1.594,,,,,,,,,,,,,
2016,8,29/02/2016,3499,14,814,286511.0228,6236801.38,3.295,6.394,26.200,147.30,0.855,172,1.656,1.816,1.405,1.541,,,,,,,,,,,,,
2016,8,29/02/2016,3499,15,815,286469.1566,6236791.282,3.444,6.012,27.100,104.63,0.651,161,1.747,1.807,1.109,1.147,,,,,,,,,,,,,
2016,8,29/02/2016,3499,16,816,286423.5207,6236779.607,3.380,5.907,26.100,97.77,0.809,121,1.954,1.933,1.612,1.595,,,,,,,,,,,,,
2016,8,29/02/2016,3499,17,817,286392.3562,6236771.533,3.438,5.724,26.600,106.10,0.695,153,1.669,1.890,1.162,1.316,,,,,,,,,,,,,
2016,8,29/02/2016,3499,18,818,286337.8411,6236757.718,3.353,5.716,27.000,119.17,0.818,146,1.771,1.793,1.471,1.489,,,,,,,,,,,,,
2016,8,29/02/2016,3499,19,819,286297.5899,6236747.477,3.288,6.155,25.700,112.37,0.714,157,1.796,1.838,1.248,1.277,,,,,,,,,,,,,
2016,8,29/02/2016,3499,20,820,286248.561,6236698.267,3.464,5.395,27.700,115.03,0.742,155,1.807,1.935,1.419,1.519,,,,,,,,,,,,,
2016,8,29/02/2016,3499,21,821,286307.0393,6236712.24,3.398,6.036,27.000,128.49,0.742,173,1.890,1.960,1.414,1.467,,,,,,,,,,,,,
2016,8,29/02/2016,3499,22,822,286404.4137,6236737.514,3.305,5.879,27.100,135.34,0.771,175,1.785,1.916,1.387,1.489,,,,,,,,,,,,,
2016,8,29/02/2016,3499,23,823,286479.3999,6236756.264,3.557,6.021,27.850,100.71,0.800,126,1.760,1.816,1.388,1.432,,,,,,,,,,,,,
2016,8,29/02/2016,3499,24,824,286513.8405,6236765.331,3.329,5.870,26.500,161.69,0.844,192,1.931,1.914,1.651,1.637,,,,,,,,,,,,,
2016,8,29/02/2016,3499,25,825,286568.3231,6236779.027,3.382,5.534,27.800,125.28,0.879,143,1.799,1.851,1.598,1.644,,,,,,,,,,,,,
2016,8,29/02/2016,3499,26,826,286604.9683,6236788.095,3.405,5.854,26.500,116.93,0.794,147,1.666,1.693,1.313,1.334,,,,,,,,,,,,,
2016,8,29/02/2016,3499,27,827,286644.6704,6236798.859,3.393,5.863,27.200,122.97,0.888,139,1.691,1.860,1.487,1.635,,,,,,,,,,,,,
2016,8,29/02/2016,3499,28,828,286673.7158,6236805.545,3.288,5.557,28.100,107.99,0.892,121,1.679,1.779,1.458,1.545,,,,,,,,,,,,,
2016,8,29/02/2016,3499,29,829,286713.1135,6236816.283,3.318,5.842,25.400,91.00,0.754,121,1.840,1.937,1.376,1.448,,,,,,,,,,,,,
2016,8,29/02/2016,3499,30,830,286781.1359,6236832.904,3.398,5.614,26.100,102.63,0.763,135,1.911,1.928,1.468,1.480,,,,,,,,,,,,,
